{"Basketball_Courts":{"Aranda":0,"Belconnen":1,"Bruce":0,"Charnwood":1,"Cook":0,"Dunlop":1,"Evatt":1,"Kowen":0,"Florey":0,"Flynn":1,"Fraser":0,"Giralang":0,"Gooromon":0,"Hawker":0,"Higgins":0,"Holt":0,"Kaleen":0,"Majura":0,"Latham":0,"Lawson":0,"Macgregor":1,"Macquarie":0,"McKellar":0,"Melba":0,"Page":0,"Hall":0,"Scullin":0,"Spence":0,"Weetangera":0,"Molonglo":0,"Namadgi":0,"Mitchell":0,"Hume":0,"Amaroo":0,"Bonner":0,"Casey":0,"Crace":0,"Forde":2,"Franklin":0,"Harrison":1,"Ngunnawal":1,"Nicholls":1,"Palmerston":0,"Acton":0,"Ainslie":1,"Braddon":0,"Lake Burley Griffin":0,"Campbell":0,"Civic":0,"Dickson":0,"Downer":0,"Hackett":1,"Parkes":0,"Lyneham":1,"O'Connor":1,"Reid":0,"Turner":0,"Watson":0,"Deakin":2,"Forrest":0,"Griffith":0,"Narrabundah":1,"Red Hill":0,"Yarralumla":0,"Banks":0,"Bonython":1,"Calwell":0,"Chisholm":1,"Conder":0,"Fadden":0,"Gilmore":0,"Gordon":1,"Gowrie":0,"Greenway":1,"Isabella Plains":0,"Kambah":6,"Macarthur":1,"Monash":1,"Mount Taylor":0,"Oxley":0,"Richardson":0,"Theodore":0,"Tuggeranong":0,"Wanniassa":1,"Chapman":0,"Duffy":1,"Fisher":0,"Holder":0,"Rivett":0,"Stirling":0,"Waramanga":2,"Weston":1,"Chifley":1,"Curtin":0,"Farrer":0,"Garran":0,"Hughes":0,"Isaacs":0,"Lyons":1,"Mawson":0,"O'Malley":0,"Pearce":0,"Phillip":1,"Torrens":0,"Gungahlin":1,"Barton":0,"Kingston":1}}