{"Bus_Stops":{"Aranda":14,"Belconnen":51,"Bruce":40,"Charnwood":20,"Cook":14,"Dunlop":29,"Evatt":36,"Kowen":0,"Florey":33,"Flynn":22,"Fraser":32,"Giralang":30,"Gooromon":0,"Hawker":24,"Higgins":34,"Holt":51,"Kaleen":37,"Majura":3,"Latham":32,"Lawson":10,"Macgregor":37,"Macquarie":20,"McKellar":22,"Melba":35,"Page":14,"Hall":0,"Scullin":16,"Spence":25,"Weetangera":16,"Molonglo":0,"Namadgi":0,"Mitchell":13,"Hume":4,"Amaroo":15,"Bonner":7,"Casey":12,"Crace":10,"Forde":14,"Franklin":19,"Harrison":28,"Ngunnawal":60,"Nicholls":48,"Palmerston":25,"Acton":22,"Ainslie":34,"Braddon":29,"Lake Burley Griffin":0,"Campbell":44,"Civic":0,"Dickson":16,"Downer":17,"Hackett":12,"Parkes":11,"Lyneham":36,"O'Connor":36,"Reid":14,"Turner":19,"Watson":18,"Deakin":38,"Forrest":10,"Griffith":24,"Narrabundah":47,"Red Hill":17,"Yarralumla":17,"Banks":28,"Bonython":22,"Calwell":30,"Chisholm":41,"Conder":28,"Fadden":26,"Gilmore":19,"Gordon":38,"Gowrie":21,"Greenway":24,"Isabella Plains":20,"Kambah":75,"Macarthur":1,"Monash":36,"Mount Taylor":0,"Oxley":21,"Richardson":26,"Theodore":16,"Tuggeranong":3,"Wanniassa":94,"Chapman":19,"Duffy":29,"Fisher":16,"Holder":24,"Rivett":19,"Stirling":19,"Waramanga":19,"Weston":37,"Chifley":14,"Curtin":27,"Farrer":14,"Garran":28,"Hughes":15,"Isaacs":19,"Lyons":16,"Mawson":17,"O'Malley":11,"Pearce":16,"Phillip":43,"Torrens":15,"Gungahlin":34,"Barton":13,"Kingston":13}}