{"Fitness_Sites":{"Aranda":0,"Belconnen":24,"Bruce":0,"Charnwood":0,"Cook":4,"Dunlop":0,"Evatt":0,"Kowen":0,"Florey":0,"Flynn":0,"Fraser":0,"Giralang":0,"Gooromon":0,"Hawker":0,"Higgins":0,"Holt":3,"Kaleen":4,"Majura":0,"Latham":0,"Lawson":0,"Macgregor":0,"Macquarie":0,"McKellar":0,"Melba":0,"Page":0,"Hall":0,"Scullin":0,"Spence":0,"Weetangera":0,"Molonglo":0,"Namadgi":0,"Mitchell":0,"Hume":0,"Amaroo":0,"Bonner":1,"Casey":5,"Crace":7,"Forde":11,"Franklin":8,"Harrison":3,"Ngunnawal":0,"Nicholls":0,"Palmerston":0,"Acton":1,"Ainslie":8,"Braddon":0,"Lake Burley Griffin":0,"Campbell":4,"Civic":0,"Dickson":0,"Downer":0,"Hackett":0,"Parkes":0,"Lyneham":0,"O'Connor":0,"Reid":0,"Turner":0,"Watson":0,"Deakin":13,"Forrest":0,"Griffith":0,"Narrabundah":0,"Red Hill":0,"Yarralumla":16,"Banks":0,"Bonython":0,"Calwell":0,"Chisholm":0,"Conder":0,"Fadden":0,"Gilmore":0,"Gordon":0,"Gowrie":0,"Greenway":12,"Isabella Plains":0,"Kambah":6,"Macarthur":0,"Monash":0,"Mount Taylor":0,"Oxley":0,"Richardson":0,"Theodore":7,"Tuggeranong":0,"Wanniassa":0,"Chapman":0,"Duffy":0,"Fisher":0,"Holder":0,"Rivett":3,"Stirling":0,"Waramanga":0,"Weston":3,"Chifley":6,"Curtin":0,"Farrer":0,"Garran":0,"Hughes":0,"Isaacs":0,"Lyons":0,"Mawson":0,"O'Malley":0,"Pearce":0,"Phillip":9,"Torrens":0,"Gungahlin":7,"Barton":0,"Kingston":0}}