{"Playgrounds":{"Aranda":0,"Belconnen":3,"Bruce":0,"Charnwood":0,"Cook":1,"Dunlop":1,"Evatt":2,"Kowen":0,"Florey":1,"Flynn":0,"Fraser":1,"Giralang":0,"Gooromon":0,"Hawker":1,"Higgins":0,"Holt":1,"Kaleen":0,"Majura":0,"Latham":1,"Lawson":1,"Macgregor":0,"Macquarie":1,"McKellar":0,"Melba":1,"Page":0,"Hall":1,"Scullin":0,"Spence":1,"Weetangera":0,"Molonglo":0,"Namadgi":0,"Mitchell":0,"Hume":0,"Amaroo":1,"Bonner":0,"Casey":0,"Crace":1,"Forde":3,"Franklin":1,"Harrison":1,"Ngunnawal":1,"Nicholls":0,"Palmerston":1,"Acton":1,"Ainslie":1,"Braddon":0,"Lake Burley Griffin":0,"Campbell":0,"Civic":0,"Dickson":1,"Downer":1,"Hackett":1,"Parkes":0,"Lyneham":1,"O'Connor":2,"Reid":1,"Turner":1,"Watson":0,"Deakin":0,"Forrest":0,"Griffith":0,"Narrabundah":1,"Red Hill":1,"Yarralumla":2,"Banks":0,"Bonython":1,"Calwell":0,"Chisholm":0,"Conder":1,"Fadden":1,"Gilmore":0,"Gordon":1,"Gowrie":1,"Greenway":2,"Isabella Plains":0,"Kambah":3,"Macarthur":1,"Monash":0,"Mount Taylor":0,"Oxley":0,"Richardson":0,"Theodore":0,"Tuggeranong":0,"Wanniassa":1,"Chapman":1,"Duffy":0,"Fisher":0,"Holder":1,"Rivett":1,"Stirling":1,"Waramanga":0,"Weston":1,"Chifley":1,"Curtin":0,"Farrer":0,"Garran":0,"Hughes":0,"Isaacs":1,"Lyons":0,"Mawson":1,"O'Malley":1,"Pearce":0,"Phillip":1,"Torrens":1,"Gungahlin":2,"Barton":1,"Kingston":1}}