{"Recreation&Fitness":{"Aranda":0.5,"Belconnen":0.75,"Bruce":0.5,"Charnwood":0.6,"Cook":0.55,"Dunlop":0.6,"Evatt":0.65,"Kowen":0.5,"Florey":0.55,"Flynn":0.6,"Fraser":0.55,"Giralang":0.5,"Gooromon":0.5,"Hawker":0.55,"Higgins":0.5,"Holt":0.6,"Kaleen":0.5,"Majura":0.5,"Latham":0.55,"Lawson":0.55,"Macgregor":0.55,"Macquarie":0.55,"McKellar":0.5,"Melba":0.55,"Page":0.5,"Hall":0.55,"Scullin":0.5,"Spence":0.55,"Weetangera":0.5,"Molonglo":0.5,"Namadgi":0.5,"Mitchell":0.5,"Hume":0.5,"Amaroo":0.55,"Bonner":0.5,"Casey":0.5,"Crace":0.55,"Forde":0.75,"Franklin":0.6,"Harrison":0.6,"Ngunnawal":0.6,"Nicholls":0.55,"Palmerston":0.55,"Acton":0.55,"Ainslie":0.6,"Braddon":0.5,"Lake Burley Griffin":0.5,"Campbell":0.55,"Civic":0.5,"Dickson":0.55,"Downer":0.55,"Hackett":0.6,"Parkes":0.5,"Lyneham":0.6,"O'Connor":0.75,"Reid":0.55,"Turner":0.55,"Watson":0.5,"Deakin":0.6,"Forrest":0.5,"Griffith":0.5,"Narrabundah":0.6,"Red Hill":0.55,"Yarralumla":0.6,"Banks":0.5,"Bonython":0.6,"Calwell":0.5,"Chisholm":0.55,"Conder":0.6,"Fadden":0.6,"Gilmore":0.5,"Gordon":0.6,"Gowrie":0.55,"Greenway":0.7,"Isabella Plains":0.5,"Kambah":1.0,"Macarthur":0.65,"Monash":0.55,"Mount Taylor":0.5,"Oxley":0.5,"Richardson":0.55,"Theodore":0.5,"Tuggeranong":0.5,"Wanniassa":0.65,"Chapman":0.55,"Duffy":0.55,"Fisher":0.5,"Holder":0.55,"Rivett":0.6,"Stirling":0.6,"Waramanga":0.6,"Weston":0.65,"Chifley":0.6,"Curtin":0.5,"Farrer":0.5,"Garran":0.5,"Hughes":0.5,"Isaacs":0.55,"Lyons":0.55,"Mawson":0.55,"O'Malley":0.6,"Pearce":0.5,"Phillip":0.65,"Torrens":0.55,"Gungahlin":0.75,"Barton":0.6,"Kingston":0.6}}