{"schools":{"Aranda":3,"Belconnen":1,"Bruce":1,"Charnwood":5,"Cook":0,"Dunlop":0,"Evatt":5,"Kowen":0,"Florey":4,"Flynn":1,"Fraser":2,"Giralang":2,"Gooromon":0,"Hawker":4,"Higgins":0,"Holt":5,"Kaleen":7,"Majura":0,"Latham":2,"Lawson":0,"Macgregor":2,"Macquarie":3,"McKellar":0,"Melba":4,"Page":1,"Hall":1,"Scullin":3,"Spence":2,"Weetangera":2,"Molonglo":0,"Namadgi":0,"Mitchell":0,"Hume":0,"Amaroo":5,"Bonner":1,"Casey":0,"Crace":0,"Forde":1,"Franklin":2,"Harrison":5,"Ngunnawal":2,"Nicholls":7,"Palmerston":3,"Acton":0,"Ainslie":4,"Braddon":2,"Lake Burley Griffin":0,"Campbell":5,"Civic":0,"Dickson":5,"Downer":1,"Hackett":2,"Parkes":0,"Lyneham":4,"O'Connor":7,"Reid":1,"Turner":3,"Watson":3,"Deakin":5,"Forrest":1,"Griffith":3,"Narrabundah":5,"Red Hill":6,"Yarralumla":3,"Banks":0,"Bonython":2,"Calwell":4,"Chisholm":4,"Conder":4,"Fadden":2,"Gilmore":2,"Gordon":3,"Gowrie":3,"Greenway":0,"Isabella Plains":4,"Kambah":8,"Macarthur":0,"Monash":2,"Mount Taylor":0,"Oxley":0,"Richardson":2,"Theodore":2,"Tuggeranong":2,"Wanniassa":11,"Chapman":2,"Duffy":2,"Fisher":0,"Holder":2,"Rivett":0,"Stirling":1,"Waramanga":4,"Weston":3,"Chifley":1,"Curtin":4,"Farrer":2,"Garran":5,"Hughes":3,"Isaacs":0,"Lyons":3,"Mawson":3,"O'Malley":1,"Pearce":5,"Phillip":1,"Torrens":2,"Gungahlin":2,"Barton":2,"Kingston":0}}