{"Skate_Parks":{"Aranda":0,"Belconnen":1,"Bruce":0,"Charnwood":1,"Cook":0,"Dunlop":0,"Evatt":0,"Kowen":0,"Florey":0,"Flynn":1,"Fraser":0,"Giralang":0,"Gooromon":0,"Hawker":0,"Higgins":0,"Holt":1,"Kaleen":0,"Majura":0,"Latham":0,"Lawson":0,"Macgregor":0,"Macquarie":0,"McKellar":0,"Melba":0,"Page":0,"Hall":0,"Scullin":0,"Spence":0,"Weetangera":0,"Molonglo":0,"Namadgi":0,"Mitchell":0,"Hume":0,"Amaroo":0,"Bonner":0,"Casey":0,"Crace":0,"Forde":0,"Franklin":1,"Harrison":0,"Ngunnawal":0,"Nicholls":0,"Palmerston":0,"Acton":0,"Ainslie":0,"Braddon":0,"Lake Burley Griffin":0,"Campbell":1,"Civic":0,"Dickson":0,"Downer":0,"Hackett":0,"Parkes":0,"Lyneham":0,"O'Connor":2,"Reid":0,"Turner":0,"Watson":0,"Deakin":0,"Forrest":0,"Griffith":0,"Narrabundah":0,"Red Hill":0,"Yarralumla":0,"Banks":0,"Bonython":0,"Calwell":0,"Chisholm":0,"Conder":1,"Fadden":1,"Gilmore":0,"Gordon":0,"Gowrie":0,"Greenway":1,"Isabella Plains":0,"Kambah":1,"Macarthur":1,"Monash":0,"Mount Taylor":0,"Oxley":0,"Richardson":1,"Theodore":0,"Tuggeranong":0,"Wanniassa":1,"Chapman":0,"Duffy":0,"Fisher":0,"Holder":0,"Rivett":1,"Stirling":1,"Waramanga":0,"Weston":1,"Chifley":0,"Curtin":0,"Farrer":0,"Garran":0,"Hughes":0,"Isaacs":0,"Lyons":0,"Mawson":0,"O'Malley":1,"Pearce":0,"Phillip":1,"Torrens":0,"Gungahlin":2,"Barton":1,"Kingston":0}}