{"Sport_Grounds":{"Aranda":2,"Belconnen":1,"Bruce":0,"Charnwood":2,"Cook":1,"Dunlop":0,"Evatt":2,"Kowen":0,"Florey":1,"Flynn":1,"Fraser":0,"Giralang":2,"Gooromon":0,"Hawker":3,"Higgins":1,"Holt":4,"Kaleen":4,"Majura":0,"Latham":1,"Lawson":0,"Macgregor":1,"Macquarie":2,"McKellar":1,"Melba":3,"Page":1,"Hall":1,"Scullin":1,"Spence":1,"Weetangera":1,"Molonglo":0,"Namadgi":0,"Mitchell":0,"Hume":0,"Amaroo":2,"Bonner":1,"Casey":0,"Crace":1,"Forde":0,"Franklin":0,"Harrison":2,"Ngunnawal":1,"Nicholls":3,"Palmerston":1,"Acton":0,"Ainslie":2,"Braddon":0,"Lake Burley Griffin":0,"Campbell":1,"Civic":0,"Dickson":1,"Downer":1,"Hackett":1,"Parkes":0,"Lyneham":3,"O'Connor":5,"Reid":1,"Turner":1,"Watson":1,"Deakin":2,"Forrest":0,"Griffith":1,"Narrabundah":6,"Red Hill":0,"Yarralumla":2,"Banks":1,"Bonython":1,"Calwell":3,"Chisholm":2,"Conder":2,"Fadden":0,"Gilmore":1,"Gordon":1,"Gowrie":1,"Greenway":1,"Isabella Plains":1,"Kambah":3,"Macarthur":0,"Monash":0,"Mount Taylor":0,"Oxley":0,"Richardson":1,"Theodore":1,"Tuggeranong":0,"Wanniassa":2,"Chapman":1,"Duffy":1,"Fisher":0,"Holder":1,"Rivett":1,"Stirling":3,"Waramanga":2,"Weston":1,"Chifley":1,"Curtin":2,"Farrer":1,"Garran":1,"Hughes":1,"Isaacs":0,"Lyons":1,"Mawson":3,"O'Malley":1,"Pearce":1,"Phillip":4,"Torrens":1,"Gungahlin":1,"Barton":0,"Kingston":0}}