{"Unemployment":{"Aranda":4.1,"Belconnen":3.7,"Bruce":4.1,"Charnwood":4.2,"Cook":4.1,"Dunlop":4.2,"Evatt":3.7,"Kowen":4.1,"Florey":3.1,"Flynn":4.3,"Fraser":4.2,"Giralang":3.7,"Gooromon":4.1,"Hawker":4.1,"Higgins":4.3,"Holt":4.3,"Kaleen":3.7,"Majura":2.2,"Latham":4.3,"Lawson":3.1,"Macgregor":4.2,"Macquarie":4.1,"McKellar":3.7,"Melba":4.2,"Page":4.1,"Hall":2.7,"Scullin":4.1,"Spence":4.3,"Weetangera":4.1,"Molonglo":3.1,"Namadgi":4.1,"Mitchell":3.1,"Hume":3.1,"Amaroo":3.9,"Bonner":3.1,"Casey":4.1,"Crace":3.1,"Forde":3.1,"Franklin":3.1,"Harrison":1.8,"Ngunnawal":3.1,"Nicholls":3.1,"Palmerston":3.1,"Acton":4.4,"Ainslie":4.9,"Braddon":3.1,"Lake Burley Griffin":4.1,"Campbell":7.3,"Civic":4.1,"Dickson":4.9,"Downer":4.9,"Hackett":4.9,"Parkes":3.1,"Lyneham":4.8,"O'Connor":4.9,"Reid":7.4,"Turner":7.5,"Watson":4.8,"Deakin":1.9,"Forrest":3.7,"Griffith":3.0,"Narrabundah":4.0,"Red Hill":3.7,"Yarralumla":1.8,"Banks":3.3,"Bonython":3.4,"Calwell":3.4,"Chisholm":3.4,"Conder":3.3,"Fadden":2.1,"Gilmore":3.4,"Gordon":3.3,"Gowrie":2.0,"Greenway":7.1,"Isabella Plains":3.4,"Kambah":3.8,"Macarthur":2.1,"Monash":2.0,"Mount Taylor":4.1,"Oxley":3.2,"Richardson":3.4,"Theodore":3.4,"Tuggeranong":4.1,"Wanniassa":3.2,"Chapman":2.7,"Duffy":2.8,"Fisher":2.8,"Holder":2.8,"Rivett":2.8,"Stirling":2.7,"Waramanga":2.8,"Weston":2.8,"Chifley":4.1,"Curtin":2.1,"Farrer":2.4,"Garran":2.1,"Hughes":2.1,"Isaacs":2.4,"Lyons":4.1,"Mawson":2.4,"O'Malley":4.1,"Pearce":2.4,"Phillip":4.1,"Torrens":2.4,"Gungahlin":2.6,"Barton":4.1,"Kingston":4.1}}