Suburb,population,schools,Skate_Parks,Sport_Grounds,Playgrounds,Basketball_Courts,crimes,Suburb.1,time_to_TC,closest_TC,time_to_Hospital,closest_Hospital,Recreation&Fitness,crimesPP,Bus_Stops,Fitness_Sites,Unemployment,Transport,Education,Livability,Crime_pred,2017Q2,2017Q3,2017Q4,2018Q1,2018Q2,2018Q3,2018Q4
Aranda,2505,3,0,2,0,0,125,Aranda,8.25,"Belconnen Bus Depot, ACT",6.3,"Calvary Hospital, ACT",0.5,0.05389221556886228,14,0,4.1,0.01993674480595773,25.03188343493605,94.20521753196658,0,125.04411764705883,120.08823529411764,115.13235294117646,110.17647058823529,105.22058823529412,100.26470588235294,95.30882352941177
Belconnen,2867,1,1,1,3,1,656,Belconnen,4.166666666666667,"Belconnen Bus Depot, ACT",10.216666666666667,"Calvary Hospital, ACT",0.75,0.23229856993372863,51,24,3.7,0.033392350981080475,16.536730711328293,92.09960015615665,0,616.9926470588235,609.6519607843137,602.311274509804,594.9705882352941,587.6299019607843,580.2892156862745,572.9485294117646
Bruce,7785,1,0,0,0,0,202,Bruce,5.116666666666666,"Belconnen Bus Depot, ACT",4.75,"Calvary Hospital, ACT",0.5,0.02723185613359024,40,0,4.1,0.025754446274807965,16.644454711101506,93.74462631764494,0,207.63970588235298,204.00490196078437,200.37009803921575,196.7352941176471,193.10049019607848,189.46568627450984,185.83088235294122
Charnwood,3032,5,1,2,0,1,87,Charnwood,9.683333333333334,"Belconnen Bus Depot, ACT",14.383333333333333,"Calvary Hospital, ACT",0.6,0.03199208443271768,20,0,4.2,0.03027421703964589,33.226542896018515,94.85160178594921,0,94.1691176470588,93.88725490196076,93.60539215686272,93.32352941176468,93.04166666666664,92.7598039215686,92.47794117647057
Cook,2821,0,0,1,1,0,82,Cook,5.916666666666668,"Belconnen Bus Depot, ACT",8.1,"Calvary Hospital, ACT",0.55,0.032612548741581,14,4,4.1,0.018687576348275305,12.719105401250838,94.35884019356745,0,102.5514705882353,106.10294117647061,109.65441176470588,113.20588235294119,116.75735294117649,120.30882352941177,123.86029411764707
Dunlop,7398,0,0,0,1,1,73,Dunlop,10.566666666666666,"Belconnen Bus Depot, ACT",15.25,"Calvary Hospital, ACT",0.6,0.011219248445525817,29,0,4.2,0.035608363210753634,13.24638603171972,94.24746176112012,0,78.0,78.05882352941175,78.11764705882352,78.17647058823529,78.23529411764706,78.29411764705881,78.35294117647058
Evatt,5332,5,0,2,2,1,105,Evatt,8.366666666666667,"Belconnen Bus Depot, ACT",11.833333333333336,"Calvary Hospital, ACT",0.65,0.021567891972993247,36,0,3.7,0.03330927434028852,33.07724121212231,95.17924384219519,0,70.72058823529412,68.61764705882351,66.51470588235293,64.41176470588235,62.308823529411754,60.20588235294117,58.10294117647058
Kowen,40,0,0,0,0,0,0,Kowen,36.45,"City Bus Station, ACT",24.766666666666666,"Queanbeyan District Hospital, NSW",0.5,0.25,0,0,4.1,0.06054933738302667,16.18139255185655,91.97912872254872,0,0.0,0.0,0.0,0.0,0.0,0.0,0.0
Florey,5033,4,0,1,1,0,144,Florey,5.216666666666667,"Belconnen Bus Depot, ACT",11.583333333333336,"Calvary Hospital, ACT",0.55,0.030598052851182198,33,0,3.1,0.028323381249521634,28.70398685058302,95.25352438960614,0,126.22058823529413,126.36274509803923,126.50490196078432,126.64705882352942,126.78921568627452,126.93137254901961,127.07352941176471
Flynn,3466,1,1,1,0,1,33,Flynn,8.533333333333333,"Belconnen Bus Depot, ACT",12.7,"Calvary Hospital, ACT",0.6,0.012406231967686093,22,0,4.3,0.028477370086960413,17.031883131338496,94.7267746112399,0,38.544117647058826,38.77450980392157,39.004901960784316,39.23529411764706,39.46568627450981,39.69607843137255,39.9264705882353
Fraser,2128,2,0,0,1,0,46,Fraser,12.5,"Belconnen Bus Depot, ACT",16.116666666666667,"Calvary Hospital, ACT",0.55,0.02631578947368421,32,0,4.2,0.03969312679679019,21.497742334788096,94.97102891298806,0,39.882352941176464,40.45098039215686,41.01960784313725,41.588235294117645,42.15686274509804,42.725490196078425,43.29411764705882
Giralang,3320,2,0,2,0,0,53,Giralang,10.033333333333333,"Belconnen Bus Depot, ACT",9.966666666666667,"Calvary Hospital, ACT",0.5,0.01897590361445783,30,0,3.7,0.03131073959477913,21.218037914324317,95.08005187327628,0,33.911764705882334,30.94117647058821,27.970588235294095,24.99999999999998,22.029411764705856,19.05882352941174,16.088235294117624
Gooromon,4,0,0,0,0,0,0,Gooromon,16.483333333333334,Marketplace Gungahlin,20.466666666666665,"Calvary Hospital, ACT",0.5,2.5,0,0,4.1,0.03457187519232165,13.917298661886221,69.29523123315978,0,0.0,0.0,0.0,0.0,0.0,0.0,0.0
Hawker,2841,4,0,3,1,0,100,Hawker,5.233333333333333,"Belconnen Bus Depot, ACT",9.95,"Calvary Hospital, ACT",0.55,0.03871876099964801,24,0,4.1,0.02341489423653965,28.705876745315887,94.5906663277176,0,92.13235294117648,90.4607843137255,88.78921568627453,87.11764705882354,85.44607843137257,83.77450980392157,82.10294117647061
Higgins,2988,0,0,1,0,0,55,Higgins,7.133333333333334,"Belconnen Bus Depot, ACT",11.85,"Calvary Hospital, ACT",0.5,0.02175368139223561,34,0,4.3,0.03111034574319575,12.857067716749864,94.46740708227657,0,49.941176470588225,49.27450980392156,48.60784313725489,47.941176470588225,47.27450980392156,46.60784313725489,45.941176470588225
Holt,4829,5,1,4,1,0,219,Holt,8.9,"Belconnen Bus Depot, ACT",13.766666666666667,"Calvary Hospital, ACT",0.6,0.04742182646510665,51,3,4.3,0.041514223576611574,33.13771784357394,94.4128129164935,0,202.5294117647059,205.64705882352942,208.76470588235296,211.8823529411765,215.0,218.11764705882354,221.23529411764707
Kaleen,7505,7,0,4,0,0,106,Kaleen,10.066666666666666,"Belconnen Bus Depot, ACT",8.366666666666667,"Calvary Hospital, ACT",0.5,0.015456362425049967,37,4,3.7,0.032953726095495094,41.30213898893061,94.81228471755409,0,98.64705882352942,94.78431372549021,90.921568627451,87.05882352941177,83.19607843137256,79.33333333333334,75.47058823529413
Majura,253,0,0,0,0,0,49,Majura,24.61666666666667,"City Bus Station, ACT",25.83333333333333,"Queanbeyan District Hospital, NSW",0.5,0.233201581027668,3,0,2.2,0.04917875760542574,14.83956729152355,93.5200441873232,0,75.07352941176475,69.57843137254906,64.08333333333337,58.588235294117695,53.093137254902004,47.59803921568631,42.10294117647064
Latham,3419,2,0,1,1,0,78,Latham,7.75,"Belconnen Bus Depot, ACT",14.116666666666667,"Calvary Hospital, ACT",0.55,0.02573852003509798,32,0,4.3,0.032755055509989216,20.959122335922036,94.5712449574265,0,44.80882352941177,42.2843137254902,39.75980392156863,37.23529411764706,34.71078431372549,32.18627450980392,29.661764705882355
Lawson,803,0,0,0,1,0,28,Lawson,12.466666666666667,"Belconnen Bus Depot, ACT",10.183333333333334,"Calvary Hospital, ACT",0.55,0.047322540473225407,10,0,3.1,0.026104717739474502,13.461834031266147,95.38459141677929,0,17.044117647058822,17.833333333333332,18.622549019607842,19.411764705882355,20.200980392156865,20.990196078431374,21.779411764705884
Macgregor,6642,2,0,1,0,1,78,Macgregor,9.6,"Belconnen Bus Depot, ACT",15.683333333333335,"Calvary Hospital, ACT",0.55,0.01324902137910268,37,0,4.2,0.03810181806932343,21.16890065126987,94.42345472976248,0,92.59558823529412,94.23039215686273,95.86519607843137,97.5,99.13480392156862,100.76960784313725,102.40441176470588
Macquarie,2747,3,0,2,1,0,117,Macquarie,4.916666666666667,"Belconnen Bus Depot, ACT",7.383333333333334,"Calvary Hospital, ACT",0.55,0.046232253367309795,20,0,4.1,0.019437568560165434,24.653904488363374,94.35570598666783,0,100.92647058823528,101.26470588235293,101.60294117647058,101.94117647058822,102.27941176470587,102.61764705882352,102.95588235294116
McKellar,2874,0,0,1,0,0,32,McKellar,8.166666666666666,"Belconnen Bus Depot, ACT",10.433333333333334,"Calvary Hospital, ACT",0.5,0.014613778705636743,22,0,3.7,0.02630280577450475,12.974241190187394,95.00858364928713,0,39.05147058823529,39.12254901960784,39.19362745098039,39.264705882352935,39.33578431372548,39.40686274509803,39.47794117647058
Melba,3166,4,0,3,1,0,80,Melba,8.583333333333334,"Belconnen Bus Depot, ACT",12.75,"Calvary Hospital, ACT",0.55,0.028427037271004423,35,0,4.2,0.0338595656227459,29.085745586621425,94.79792078611983,0,57.955882352941174,57.06862745098039,56.181372549019606,55.29411764705882,54.40686274509804,53.51960784313725,52.632352941176464
Page,2903,1,0,1,0,0,64,Page,3.6,"Belconnen Bus Depot, ACT",9.183333333333334,"Calvary Hospital, ACT",0.5,0.02549087151222873,14,0,4.1,0.01690121962275456,16.472474290410936,94.4114088274904,0,51.02205882352941,50.377450980392155,49.7328431372549,49.088235294117645,48.443627450980394,47.799019607843135,47.154411764705884
Hall,339,1,0,1,1,0,13,Hall,12.7,Marketplace Gungahlin,16.683333333333334,"Calvary Hospital, ACT",0.55,0.06784660766961652,0,0,2.7,0.027346190943072963,17.504356814554342,95.53649390207183,0,5.220588235294112,4.441176470588228,3.661764705882346,2.882352941176464,2.10294117647058,1.3235294117646994,0.5441176470588154
Scullin,2838,3,0,1,0,0,56,Scullin,5.7666666666666675,"Belconnen Bus Depot, ACT",11.183333333333335,"Calvary Hospital, ACT",0.5,0.023255813953488372,16,0,4.1,0.021723292829209,24.750289119739406,94.66869871130147,0,44.808823529411754,44.24509803921568,43.6813725490196,43.11764705882352,42.553921568627445,41.99019607843137,41.42647058823529
Spence,2564,2,0,1,1,0,55,Spence,8.966666666666667,"Belconnen Bus Depot, ACT",12.45,"Calvary Hospital, ACT",0.55,0.02535101404056162,25,0,4.3,0.029994766938624903,21.09708465142106,94.67293585534303,0,53.125,52.77941176470588,52.43382352941176,52.088235294117645,51.74264705882353,51.397058823529406,51.05147058823529
Weetangera,2578,2,0,1,0,0,38,Weetangera,3.816666666666667,"Belconnen Bus Depot, ACT",8.533333333333333,"Calvary Hospital, ACT",0.5,0.018619084561675717,16,0,4.1,0.01745588652172289,20.513107178966276,94.64827912552443,0,26.845588235294123,26.632352941176475,26.41911764705883,26.20588235294118,25.992647058823536,25.779411764705888,25.56617647058824
Molonglo,718,0,0,0,0,0,4,Molonglo,11.616666666666667,"City Bus Station, ACT",8.95,"Calvary Hospital, ACT",0.5,0.019498607242339833,0,0,3.1,0.020117190347235782,13.365449399890114,95.66890758642917,0,2.808823529411765,2.9705882352941178,3.1323529411764706,3.294117647058824,3.4558823529411766,3.6176470588235294,3.7794117647058827
Namadgi,31,0,0,0,0,0,0,Namadgi,14.05,"Tuggeranong Bus Station, ACT",24.43333333333333,"Canberra Hospital, ACT",0.5,0.3225806451612903,0,0,4.1,0.03489050695698612,13.641374030888167,90.40450057053724,0,0.0,0.0,0.0,0.0,0.0,0.0,0.0
Mitchell,9,0,0,0,0,0,138,Mitchell,8.733333333333333,Marketplace Gungahlin,11.9,"Calvary Hospital, ACT",0.5,16.444444444444443,13,0,3.1,0.02442338453548521,13.038497611104749,64.83958851596978,0,136.25735294117644,135.74999999999997,135.24264705882348,134.73529411764702,134.22794117647055,133.7205882352941,133.2132352941176
Hume,320,0,0,0,0,0,62,Hume,10.716666666666667,"Tuggeranong Bus Station, ACT",11.766666666666667,"Canberra Hospital, ACT",0.5,0.225,4,0,3.1,0.02290887678088728,13.26339508431549,92.47967699316412,0,72.21323529411765,66.09313725490196,59.97303921568627,53.85294117647058,47.73284313725489,41.61274509803923,35.492647058823536
Amaroo,5913,5,0,2,1,0,43,Amaroo,6.95,Marketplace Gungahlin,18.8,"Calvary Hospital, ACT",0.55,0.008963301200744123,15,0,3.9,0.028568491905497276,32.916600159828924,94.8871199653959,0,64.22058823529412,65.5392156862745,66.85784313725489,68.17647058823529,69.49509803921568,70.81372549019608,72.13235294117646
Bonner,5436,1,0,1,0,0,43,Bonner,6.25,Marketplace Gungahlin,19.58333333333333,"Calvary Hospital, ACT",0.5,0.00974981604120677,7,1,3.1,0.02512919735376614,16.772967552936215,95.20012952413003,0,50.49264705882352,50.88725490196078,51.28186274509803,51.67647058823529,52.07107843137254,52.4656862745098,52.86029411764705
Casey,5024,0,0,0,0,0,75,Casey,8.85,Marketplace Gungahlin,17.233333333333334,"Calvary Hospital, ACT",0.5,0.016918789808917197,12,5,4.1,0.028287331250697375,13.051726874234792,94.33626726935485,0,0.0,0.0,0.0,0.0,0.0,0.0,0.0
Crace,4279,0,0,1,1,0,33,Crace,8.983333333333333,Marketplace Gungahlin,13.183333333333335,"Calvary Hospital, ACT",0.55,0.01004907688712316,10,7,3.1,0.02448264469500055,13.0668460320977,95.39261125638718,0,46.830882352941174,47.26960784313725,47.70833333333333,48.14705882352941,48.58578431372549,49.02450980392157,49.463235294117645
Forde,4552,1,0,0,3,2,27,Forde,7.683333333333334,Marketplace Gungahlin,21.016666666666666,"Calvary Hospital, ACT",0.75,0.00812829525483304,14,11,3.1,0.03071336689893352,16.935498499962463,95.86619294605103,0,27.470588235294116,26.941176470588232,26.41176470588235,25.882352941176467,25.352941176470587,24.823529411764703,24.29411764705882
Franklin,6653,2,1,0,1,0,101,Franklin,4.983333333333333,Marketplace Gungahlin,12.116666666666667,"Calvary Hospital, ACT",0.6,0.01668420261536149,19,8,3.1,0.02277925704394959,20.645399810266714,95.0777537086084,0,126.94117647058823,127.82352941176471,128.7058823529412,129.58823529411765,130.47058823529412,131.35294117647058,132.23529411764707
Harrison,9005,5,0,2,1,1,107,Harrison,6.05,Marketplace Gungahlin,15.2,"Calvary Hospital, ACT",0.6,0.012992781787895613,28,3,1.8,0.030041282324444512,32.8145458442543,96.12211981901808,0,103.03676470588233,104.52450980392155,106.01225490196077,107.49999999999997,108.9877450980392,110.47549019607841,111.96323529411762
Ngunnawal,10623,2,0,1,1,1,95,Ngunnawal,6.783333333333332,Marketplace Gungahlin,16.166666666666668,"Calvary Hospital, ACT",0.6,0.009884213499011578,60,0,3.1,0.04463632722380616,20.84950844141596,94.90291845185727,0,93.06617647058823,92.70098039215686,92.3357843137255,91.97058823529412,91.60539215686275,91.24019607843137,90.875
Nicholls,6760,7,0,3,0,1,82,Nicholls,10.6,Marketplace Gungahlin,15.383333333333333,"Calvary Hospital, ACT",0.55,0.013609467455621301,48,0,3.1,0.04347633737007477,41.362615620382236,95.69842808740323,0,81.36764705882351,79.10784313725487,76.84803921568624,74.58823529411762,72.32843137254899,70.06862745098036,67.80882352941174
Palmerston,5623,3,0,1,1,0,74,Palmerston,5.75,Marketplace Gungahlin,14.05,"Calvary Hospital, ACT",0.55,0.014938644851502756,25,0,3.1,0.02758876714271085,24.74839922500654,95.33539380393236,0,71.14705882352939,71.078431372549,71.00980392156862,70.94117647058822,70.87254901960783,70.80392156862743,70.73529411764704
Acton,2325,0,0,0,1,0,142,Acton,7.116666666666666,"City Bus Station, ACT",9.516666666666667,"Calvary Hospital, ACT",0.55,0.06537634408602151,22,1,4.4,0.024400897747819825,12.855177822017001,93.76565622716784,0,133.05882352941174,125.6862745098039,118.31372549019605,110.9411764705882,103.56862745098036,96.19607843137251,88.8235294117647
Ainslie,5321,4,0,2,1,1,131,Ainslie,7.116666666666666,"City Bus Station, ACT",12.633333333333333,"Calvary Hospital, ACT",0.6,0.026498778425108064,34,8,4.9,0.03169926305430541,28.91943485012945,93.9625328439088,0,106.82352941176471,106.92156862745098,107.01960784313727,107.11764705882354,107.2156862745098,107.31372549019608,107.41176470588236
Braddon,6011,2,0,0,0,0,232,Braddon,4.133333333333334,"City Bus Station, ACT",11.366666666666667,"Calvary Hospital, ACT",0.5,0.040259524205623023,29,0,3.1,0.02530015277134516,20.54901517889068,94.67903727405567,0,285.5441176470588,283.0490196078431,280.5539215686274,278.05882352941177,275.5637254901961,273.0686274509804,270.5735294117647
Lake Burley Griffin,0,0,0,0,0,0,0,Lake Burley Griffin,8.6,"City Bus Station, ACT",11.0,"Calvary Hospital, ACT",0.5,inf,0,0,4.1,0.018287148961346915,13.023378453241842,64.83958414338547,0,0.0,0.0,0.0,0.0,0.0,0.0,0.0
Campbell,5769,5,1,1,0,0,79,Campbell,8.483333333333333,"City Bus Station, ACT",14.7,"Calvary Hospital, ACT",0.55,0.015427283758016988,44,4,7.3,0.03891927085462359,33.09047047525235,92.25664071207909,0,73.44852941176467,72.52450980392155,71.6004901960784,70.67647058823526,69.75245098039213,68.82843137254899,67.90441176470586
Civic,3995,0,0,0,0,0,0,Civic,2.1666666666666665,"City Bus Station, ACT",11.666666666666664,"Calvary Hospital, ACT",0.5,0.0025031289111389237,0,0,4.1,0.011509445725207713,12.293879086356577,94.45158297657865,0,0.0,0.0,0.0,0.0,0.0,0.0,0.0
Dickson,2351,5,0,1,1,0,200,Dickson,7.45,"City Bus Station, ACT",11.033333333333333,"Calvary Hospital, ACT",0.55,0.0893236920459379,16,0,4.9,0.023515696162040484,32.97329700181483,93.28622674737616,0,171.6764705882353,163.68627450980392,155.69607843137254,147.7058823529412,139.7156862745098,131.72549019607843,123.73529411764707
Downer,3705,1,0,1,1,0,35,Downer,11.033333333333333,"City Bus Station, ACT",13.05,"Calvary Hospital, ACT",0.55,0.012145748987854251,17,0,4.9,0.02955044277445078,17.315367341268004,94.15130284462272,0,40.514705882352935,39.57843137254901,38.64215686274509,37.705882352941174,36.76960784313725,35.83333333333333,34.897058823529406
Hackett,2877,2,0,1,1,1,80,Hackett,12.183333333333335,"City Bus Station, ACT",14.8,"Calvary Hospital, ACT",0.6,0.03128258602711158,12,0,4.9,0.030179010637020054,21.461834334863696,94.13392901854338,0,41.22058823529412,42.38235294117648,43.544117647058826,44.70588235294118,45.867647058823536,47.029411764705884,48.19117647058824
Parkes,0,0,0,0,0,0,45,Parkes,7.383333333333334,"City Bus Station, ACT",11.233333333333333,"Canberra Hospital, ACT",0.5,inf,11,0,3.1,0.021561940613560725,12.885416137742816,64.83958414338547,0,46.919117647058826,45.30882352941177,43.69852941176471,42.088235294117645,40.47794117647059,38.86764705882353,37.25735294117647
Lyneham,5038,4,0,3,1,1,232,Lyneham,8.666666666666666,"City Bus Station, ACT",9.216666666666667,"Calvary Hospital, ACT",0.6,0.048034934497816595,36,0,4.8,0.03161909044380365,29.095195060285743,93.74434287360604,0,200.4485294117647,197.09313725490193,193.7377450980392,190.38235294117646,187.0269607843137,183.67156862745094,180.31617647058823
O'Connor,5701,7,2,5,2,1,154,O'Connor,7.116666666666666,"City Bus Station, ACT",7.416666666666668,"Calvary Hospital, ACT",0.75,0.028766883002981934,36,0,4.9,0.028464804173914397,40.967627621213786,94.24746253240237,0,109.38970588235298,107.2696078431373,105.1495098039216,103.02941176470591,100.90931372549024,98.78921568627455,96.66911764705887
Reid,1826,1,0,1,1,0,163,Reid,5.366666666666666,"City Bus Station, ACT",12.166666666666664,"Calvary Hospital, ACT",0.55,0.09474260679079956,14,0,7.4,0.021219382725982415,16.672803132094455,91.0147225114533,0,125.40441176470591,128.0245098039216,130.6446078431373,133.26470588235296,135.88480392156865,138.50490196078434,141.12500000000003
Turner,4127,3,0,1,1,0,99,Turner,5.166666666666667,"City Bus Station, ACT",8.866666666666667,"Calvary Hospital, ACT",0.55,0.026411436879088927,19,0,7.5,0.02046535460508651,24.682252909356322,91.76059765364938,0,68.04411764705887,60.67647058823533,53.308823529411825,45.94117647058829,38.57352941176475,31.205882352941217,23.83823529411771
Watson,6326,3,0,1,0,0,143,Watson,12.533333333333333,"City Bus Station, ACT",14.35,"Calvary Hospital, ACT",0.5,0.02418589946253557,18,0,4.8,0.03266673375561489,25.517586381281937,93.71933991796631,0,102.71323529411765,105.0735294117647,107.43382352941177,109.79411764705881,112.15441176470588,114.51470588235293,116.875
Deakin,2728,5,0,2,0,2,101,Deakin,7.816666666666666,"Woden Bus Station, ACT",6.9,"Canberra Hospital, ACT",0.6,0.0406891495601173,38,13,1.9,0.0296709986319558,33.01487468593782,96.60647678345023,0,72.56617647058823,69.05392156862744,65.54166666666666,62.029411764705884,58.5171568627451,55.00490196078431,51.49264705882352
Forrest,1655,1,0,0,0,0,30,Forrest,9.383333333333333,"Woden Bus Station, ACT",8.466666666666667,"Canberra Hospital, ACT",0.5,0.02416918429003021,10,0,3.7,0.021276389619440124,17.12826776271453,95.03701285298226,0,24.602941176470573,22.774509803921553,20.946078431372534,19.117647058823515,17.289215686274495,15.460784313725476,13.632352941176457
Griffith,4308,3,0,1,0,0,183,Griffith,12.55,"Woden Bus Station, ACT",10.766666666666667,"Canberra Hospital, ACT",0.5,0.04480037140204271,24,0,3.0,0.03234521289388387,25.5194762760148,95.15479934904673,0,196.87499999999997,197.0441176470588,197.21323529411762,197.38235294117644,197.55147058823528,197.7205882352941,197.88970588235293
Narrabundah,6176,5,0,6,1,1,113,Narrabundah,12.55,"Woden Bus Station, ACT",10.766666666666667,"Canberra Hospital, ACT",0.6,0.01991580310880829,47,0,4.0,0.041698608583188454,33.55160479007102,94.89006437652382,0,166.88970588235296,166.74019607843138,166.5906862745098,166.44117647058826,166.29166666666669,166.1421568627451,165.99264705882354
Red Hill,3257,6,0,0,1,0,63,Red Hill,11.583333333333336,"Woden Bus Station, ACT",10.666666666666666,"Canberra Hospital, ACT",0.55,0.022413263739637704,17,0,3.7,0.028324794739345127,37.45805515259306,95.32943452795915,0,95.16911764705884,96.10294117647061,97.03676470588236,97.97058823529413,98.9044117647059,99.83823529411765,100.77205882352942
Yarralumla,2840,3,0,2,2,0,98,Yarralumla,9.9,"Woden Bus Station, ACT",8.25,"Canberra Hospital, ACT",0.6,0.038028169014084505,17,16,1.8,0.024540823240566865,25.218983013489524,96.50302417545888,0,78.51470588235297,74.9509803921569,71.38725490196082,67.82352941176474,64.25980392156866,60.696078431372584,57.13235294117649
Banks,4888,0,0,1,0,0,36,Banks,8.416666666666666,"Tuggeranong Bus Station, ACT",18.8,"Canberra Hospital, ACT",0.5,0.009410801963993453,28,0,3.3,0.03551830118176313,13.002589611180344,95.23948863546048,0,46.9264705882353,46.85294117647059,46.779411764705884,46.705882352941174,46.63235294117647,46.55882352941176,46.48529411764706
Bonython,3698,2,0,1,1,1,84,Bonython,3.283333333333333,"Tuggeranong Bus Station, ACT",14.6,"Canberra Hospital, ACT",0.6,0.02541914548404543,22,0,3.4,0.023998479411674087,20.452630547514648,95.18817667274412,0,75.60294117647058,75.2843137254902,74.96568627450979,74.6470588235294,74.328431372549,74.00980392156862,73.69117647058823
Calwell,5605,4,0,3,0,0,92,Calwell,6.4,"Tuggeranong Bus Station, ACT",13.866666666666667,"Canberra Hospital, ACT",0.5,0.018198037466547724,30,0,3.4,0.030216918108510633,28.838169376616325,95.07124426801218,0,93.92647058823529,91.5,89.0735294117647,86.6470588235294,84.22058823529412,81.79411764705881,79.36764705882352
Chisholm,5145,4,0,2,0,1,110,Chisholm,6.916666666666668,"Tuggeranong Bus Station, ACT",13.4,"Canberra Hospital, ACT",0.55,0.023323615160349854,41,0,3.4,0.034914045328553245,28.896756113335087,95.22022758906638,0,114.58823529411764,114.15686274509802,113.72549019607841,113.29411764705881,112.8627450980392,112.43137254901958,111.99999999999999
Conder,5029,4,1,2,1,0,76,Conder,6.6,"Tuggeranong Bus Station, ACT",16.983333333333334,"Canberra Hospital, ACT",0.6,0.01710081527142573,28,0,3.3,0.0320486994937979,28.860848113410682,95.45414569720772,0,75.64705882352939,72.09803921568626,68.54901960784312,64.99999999999999,61.45098039215685,57.901960784313715,54.35294117647058
Fadden,3012,2,1,0,1,0,40,Fadden,10.35,"Tuggeranong Bus Station, ACT",12.0,"Canberra Hospital, ACT",0.6,0.016600265604249667,26,0,2.1,0.03162087790261578,21.25394591424872,96.629774810963,0,33.71323529411764,33.112745098039206,32.51225490196077,31.91176470588234,31.311274509803912,30.71078431372548,30.110294117647047
Gilmore,2724,2,0,1,0,0,46,Gilmore,9.416666666666666,"Tuggeranong Bus Station, ACT",14.966666666666667,"Canberra Hospital, ACT",0.5,0.020558002936857563,19,0,3.4,0.030017793633216168,21.148111809208373,95.37092228223693,0,46.25735294117648,44.55392156862745,42.85049019607843,41.14705882352941,39.443627450980394,37.740196078431374,36.036764705882355
Gordon,7626,3,0,1,1,1,102,Gordon,6.4833333333333325,"Tuggeranong Bus Station, ACT",16.95,"Canberra Hospital, ACT",0.6,0.014686598478888015,38,0,3.3,0.035957236118820304,24.83155459325253,95.07181132533847,0,89.88235294117648,87.64705882352942,85.41176470588236,83.1764705882353,80.94117647058823,78.70588235294119,76.47058823529412
Gowrie,2969,3,0,1,1,0,59,Gowrie,7.783333333333332,"Tuggeranong Bus Station, ACT",10.816666666666665,"Canberra Hospital, ACT",0.55,0.02324014819804648,21,0,2.0,0.025758902606960548,24.978966382415873,96.49453621878696,0,62.02941176470588,62.07843137254901,62.12745098039215,62.17647058823529,62.225490196078425,62.27450980392156,62.323529411764696
Greenway,1903,0,1,1,2,1,291,Greenway,1.7,"Tuggeranong Bus Station, ACT",15.166666666666664,"Canberra Hospital, ACT",0.7,0.1581713084603258,24,12,7.1,0.02345611503885201,12.240962033836402,90.44871688077615,0,280.8161764705883,275.31862745098044,269.8210784313726,264.3235294117648,258.82598039215696,253.32843137254912,247.83088235294127
Isabella Plains,4331,4,0,1,0,0,60,Isabella Plains,4.5,"Tuggeranong Bus Station, ACT",13.45,"Canberra Hospital, ACT",0.5,0.01616254906488109,20,0,3.4,0.023672437814641956,28.622721377069897,95.20061807741875,0,57.20588235294117,54.25490196078431,51.303921568627445,48.35294117647058,45.401960784313715,42.45098039215685,39.499999999999986
Kambah,14874,8,1,3,3,6,391,Kambah,7.916666666666668,"Tuggeranong Bus Station, ACT",13.25,"Canberra Hospital, ACT",1.0,0.026959795616512034,75,6,3.8,0.04975835066596971,45.074406825419345,94.4963583400209,0,356.31617647058823,355.9656862745098,355.6151960784314,355.2647058823529,354.91421568627453,354.5637254901961,354.2132352941176
Macarthur,1425,0,1,0,1,1,13,Macarthur,9.083333333333334,"Tuggeranong Bus Station, ACT",14.266666666666667,"Canberra Hospital, ACT",0.65,0.016140350877192983,1,0,2.1,0.02177661093196904,13.07818540049488,96.68340917881817,0,19.573529411764703,19.26470588235294,18.955882352941174,18.64705882352941,18.338235294117645,18.029411764705877,17.720588235294116
Monash,5317,2,0,0,0,1,51,Monash,5.183333333333334,"Tuggeranong Bus Station, ACT",10.433333333333334,"Canberra Hospital, ACT",0.55,0.011472634944517585,36,0,2.0,0.02861326549182123,20.668078547061075,96.28122293747732,0,59.227941176470594,57.18137254901961,55.13480392156863,53.08823529411766,51.04166666666668,48.9950980392157,46.94852941176472
Mount Taylor,3,0,0,0,0,0,0,Mount Taylor,6.116666666666666,"Woden Bus Station, ACT",7.816666666666666,"Canberra Hospital, ACT",0.5,3.3333333333333335,0,0,4.1,0.013001143993173769,12.741784138045197,66.81036466398157,0,0.0,0.0,0.0,0.0,0.0,0.0,0.0
Oxley,1723,0,0,0,0,0,24,Oxley,6.35,"Tuggeranong Bus Station, ACT",13.583333333333336,"Canberra Hospital, ACT",0.5,0.019733023795705164,21,0,3.2,0.02628034843245885,12.768242664305285,95.51179011428346,0,31.99264705882353,31.338235294117645,30.68382352941176,30.02941176470588,29.375,28.720588235294116,28.066176470588236
Richardson,2930,2,1,1,0,0,96,Richardson,7.55,"Tuggeranong Bus Station, ACT",14.033333333333333,"Canberra Hospital, ACT",0.55,0.03617747440273038,26,0,3.4,0.03002359057118132,20.936443599127674,95.16284189465196,0,63.69852941176472,63.16176470588237,62.625000000000014,62.08823529411766,61.551470588235304,61.014705882352956,60.4779411764706
Theodore,3828,2,0,1,0,0,32,Theodore,7.4833333333333325,"Tuggeranong Bus Station, ACT",17.0,"Canberra Hospital, ACT",0.5,0.0109717868338558,16,7,3.4,0.028183243429483102,20.92888402019622,95.3142638351487,0,45.28676470588236,44.12254901960785,42.95833333333334,41.79411764705883,40.62990196078432,39.465686274509814,38.301470588235304
Tuggeranong,31,2,0,0,0,0,0,Tuggeranong,2.8,"Tuggeranong Bus Station, ACT",14.033333333333333,"Canberra Hospital, ACT",0.5,0.3225806451612903,3,0,4.1,0.015283994893216092,20.39782360026161,90.20578753738823,0,0.0,0.0,0.0,0.0,0.0,0.0,0.0
Wanniassa,7458,11,1,2,1,1,262,Wanniassa,6.916666666666668,"Tuggeranong Bus Station, ACT",11.366666666666667,"Canberra Hospital, ACT",0.65,0.036470903727540895,94,0,3.2,0.054889786531957384,57.009205912531876,95.73430994482767,0,251.95588235294116,252.32352941176467,252.6911764705882,253.05882352941174,253.42647058823528,253.79411764705878,254.16176470588232
Chapman,2595,2,0,1,1,0,20,Chapman,10.433333333333334,"Woden Bus Station, ACT",12.383333333333333,"Canberra Hospital, ACT",0.55,0.011560693641618497,19,0,2.7,0.02916612899349822,21.26339538791304,96.17240500846992,0,41.63235294117647,42.46078431372549,43.28921568627452,44.117647058823536,44.946078431372555,45.774509803921575,46.602941176470594
Duffy,3083,2,0,1,0,1,28,Duffy,10.4,"Woden Bus Station, ACT",12.35,"Canberra Hospital, ACT",0.55,0.012325656827765165,29,0,2.8,0.033169160355163804,21.25961559844731,96.06481219500112,0,29.15441176470587,28.70098039215685,28.24754901960783,27.794117647058812,27.340686274509792,26.887254901960773,26.433823529411754
Fisher,2894,0,0,0,0,0,27,Fisher,9.95,"Woden Bus Station, ACT",11.883333333333333,"Canberra Hospital, ACT",0.5,0.012785072563925363,16,0,2.8,0.027010083563045198,13.176459926603776,95.77658142975362,0,31.492647058823522,30.553921568627445,29.615196078431367,28.676470588235286,27.73774509803921,26.79901960784313,25.86029411764705
Holder,2545,2,0,1,1,0,30,Holder,9.233333333333333,"Woden Bus Station, ACT",11.183333333333335,"Canberra Hospital, ACT",0.55,0.015717092337917484,24,0,2.8,0.028907628895931643,21.127322967146874,96.02587786571925,0,34.21323529411765,34.15196078431373,34.09068627450981,34.029411764705884,33.96813725490196,33.906862745098046,33.84558823529412
Rivett,2893,0,1,1,1,0,49,Rivett,10.966666666666667,"Woden Bus Station, ACT",12.9,"Canberra Hospital, ACT",0.6,0.020394054614586935,19,3,2.8,0.030171795393367423,13.291743505308443,95.86844057815765,0,42.867647058823536,42.57843137254902,42.28921568627452,42.0,41.7107843137255,41.42156862745098,41.13235294117648
Stirling,1989,1,1,3,1,0,29,Stirling,8.416666666666666,"Woden Bus Station, ACT",10.366666666666667,"Canberra Hospital, ACT",0.6,0.0196078431372549,19,0,2.7,0.02531455280777535,17.018653868208453,96.09010235554811,0,25.132352941176467,24.205882352941174,23.27941176470588,22.352941176470587,21.426470588235293,20.499999999999996,19.573529411764703
Waramanga,2373,4,0,2,0,2,34,Waramanga,7.883333333333334,"Woden Bus Station, ACT",9.816666666666666,"Canberra Hospital, ACT",0.6,0.018541930046354824,19,0,2.8,0.024283021886270482,29.006370007841163,96.14161965367784,0,40.573529411764696,39.77450980392156,38.975490196078425,38.17647058823529,37.377450980392155,36.57843137254901,35.77941176470588
Weston,3354,3,1,1,1,1,101,Weston,7.533333333333332,"Woden Bus Station, ACT",8.683333333333334,"Canberra Hospital, ACT",0.65,0.03309481216457961,37,3,2.8,0.030326799057081643,24.950617961422925,95.86040112614023,0,72.5514705882353,62.220588235294116,51.889705882352956,41.55882352941177,31.22794117647061,20.89705882352942,10.566176470588232
Chifley,2732,1,0,1,1,1,55,Chifley,5.266666666666667,"Woden Bus Station, ACT",7.216666666666668,"Canberra Hospital, ACT",0.6,0.023792093704245974,14,6,4.1,0.017265107579113273,16.661463763697274,94.63611346310394,0,47.64705882352941,47.41176470588235,47.17647058823529,46.94117647058823,46.705882352941174,46.470588235294116,46.23529411764706
Curtin,5313,4,0,2,0,0,116,Curtin,6.8,"Woden Bus Station, ACT",5.883333333333334,"Canberra Hospital, ACT",0.5,0.023715415019762844,27,0,2.1,0.02325593177926676,28.883526850205044,95.968034538231,0,106.41176470588235,104.15686274509804,101.90196078431373,99.64705882352942,97.3921568627451,95.13725490196079,92.88235294117646
Farrer,3422,2,0,1,0,0,17,Farrer,7.7333333333333325,"Woden Bus Station, ACT",6.2,"Canberra Hospital, ACT",0.5,0.007890122735242549,14,0,2.4,0.019273283873863067,20.95723244118917,96.09471667645109,0,24.72794117647059,23.299019607843142,21.87009803921569,20.44117647058824,19.012254901960787,17.583333333333336,16.154411764705884
Garran,3417,5,0,1,0,0,99,Garran,6.816666666666666,"Woden Bus Station, ACT",3.533333333333333,"Canberra Hospital, ACT",0.5,0.03189932689493708,28,0,2.1,0.021858051329076346,32.90148100196602,96.18489501701116,0,82.1470588235294,83.01960784313725,83.8921568627451,84.76470588235293,85.63725490196077,86.50980392156862,87.38235294117646
Hughes,2968,3,0,1,0,0,39,Hughes,5.933333333333334,"Woden Bus Station, ACT",4.433333333333334,"Canberra Hospital, ACT",0.5,0.01650943396226415,15,0,2.1,0.016268047293475835,24.76918806706804,96.28460922725347,0,33.86029411764706,33.46568627450981,33.07107843137255,32.6764705882353,32.28186274509804,31.887254901960787,31.49264705882353
Isaacs,2331,0,0,0,1,0,23,Isaacs,7.6,"Woden Bus Station, ACT",6.066666666666666,"Canberra Hospital, ACT",0.55,0.014157014157014158,19,0,2.4,0.021051981097670567,12.90998476927004,96.14935057754339,0,22.022058823529413,22.044117647058822,22.066176470588236,22.08823529411765,22.110294117647058,22.13235294117647,22.154411764705884
Lyons,3186,3,0,1,0,1,125,Lyons,5.566666666666666,"Woden Bus Station, ACT",5.933333333333334,"Canberra Hospital, ACT",0.55,0.0423728813559322,16,0,4.1,0.017422843303646997,24.727610382945045,94.31596665520281,0,85.10294117647058,86.02941176470588,86.95588235294117,87.88235294117646,88.80882352941175,89.73529411764706,90.66176470588235
Mawson,3055,3,0,3,1,0,84,Mawson,5.216666666666667,"Woden Bus Station, ACT",5.583333333333332,"Canberra Hospital, ACT",0.55,0.03076923076923077,17,0,2.4,0.01716105731036698,24.687922593554912,95.89093581100248,0,91.73529411764706,92.09803921568627,92.46078431372548,92.8235294117647,93.18627450980392,93.54901960784314,93.91176470588235
O'Malley,975,1,1,1,1,0,13,O'Malley,5.566666666666666,"Woden Bus Station, ACT",3.783333333333333,"Canberra Hospital, ACT",0.6,0.02358974358974359,11,0,4.1,0.013721234769166871,16.695481868888816,94.8659220445905,0,13.573529411764707,13.617647058823529,13.661764705882353,13.705882352941178,13.75,13.794117647058824,13.838235294117649
Pearce,2468,5,0,1,0,0,19,Pearce,5.4833333333333325,"Woden Bus Station, ACT",7.316666666666666,"Canberra Hospital, ACT",0.5,0.011750405186385737,16,0,2.4,0.01840172621488423,32.750289423336945,96.3635473712328,0,35.00735294117648,35.11274509803922,35.21813725490197,35.32352941176471,35.42892156862746,35.5343137254902,35.63970588235295
Phillip,2444,1,1,4,1,1,300,Phillip,4.083333333333333,"Woden Bus Station, ACT",5.916666666666668,"Canberra Hospital, ACT",0.65,0.12684124386252046,43,9,4.1,0.026707977931068758,16.527281237663974,93.25906611618204,0,304.8823529411764,300.313725490196,295.74509803921563,291.17647058823525,286.60784313725486,282.0392156862745,277.4705882352941
Torrens,2165,2,0,1,1,0,11,Torrens,7.033333333333332,"Woden Bus Station, ACT",8.666666666666666,"Canberra Hospital, ACT",0.55,0.009699769053117783,15,0,2.4,0.02080017206489605,20.87785686240891,96.37337366895292,0,15.051470588235293,13.828431372549016,12.605392156862742,11.382352941176467,10.159313725490193,8.93627450980392,7.713235294117645
Gungahlin,2867,2,2,1,2,1,293,Gungahlin,1.8166666666666669,Marketplace Gungahlin,15.866666666666667,"Calvary Hospital, ACT",0.75,0.10568538542029997,34,7,2.6,0.02819825640246009,20.286319811022672,94.97964382560492,0,269.3161764705883,267.2009803921569,265.0857843137255,262.97058823529414,260.85539215686276,258.74019607843144,256.62500000000006
Barton,2867,2,1,0,1,0,0,Barton,9.666666666666666,"City Bus Station, ACT",10.15,"Canberra Hospital, ACT",0.6,0.003487966515521451,13,0,4.1,0.024123838200015905,21.17646023020132,95.12506856332988,0,58.33823529411764,57.79411764705881,57.24999999999999,56.70588235294117,56.16176470588235,55.61764705882352,55.073529411764696
Kingston,2867,0,0,0,1,1,0,Kingston,11.366666666666667,"City Bus Station, ACT",12.466666666666667,"Canberra Hospital, ACT",0.6,0.003487966515521451,13,0,4.1,0.02784911508121578,13.337100978897162,95.05867783283036,0,112.42647058823532,112.22549019607845,112.02450980392159,111.82352941176472,111.62254901960787,111.42156862745101,111.22058823529414
